parameter_name,category,unit,adult_male_min,adult_male_max,adult_female_min,adult_female_max,child_min,child_max,elderly_male_min,elderly_male_max,elderly_female_min,elderly_female_max,pregnant_min,pregnant_max,is_qualitative,clinical_meaning_negative,clinical_meaning_positive,clinical_meaning_low,clinical_meaning_normal,clinical_meaning_detected,clinical_meaning_undetected,pregnancy_week_ranges,interpretation_thresholds,no_upper_limit,detection_limit,clinical_note,cycle_phase_ranges,age_band_ranges,ratio_interpretation,assay_specific_99th_percentile,unit_system_variants,missing_data_flags,reference_source,last_updated
Hemoglobin,CBC,g/dL,13.5,17.5,12.0,15.5,11.0,14.5,12.5,17.0,11.5,15.0,11.0,14.0,false,,,,,,,,,false,,,,,,,,,WHO Hematology Reference Ranges / Mayo Clinic Laboratories | Düzen Sağlık Grubu Polikliniği rapor formatıyla çapraz doğrulanmıştır,2026-06-30
Hematokrit,CBC,%,40.0,53.0,36.0,46.0,32.0,42.0,38.0,51.0,34.0,44.0,32.0,42.0,false,,,,,,,,,false,,,,,,,,,WHO Hematology Reference Ranges / Mayo Clinic Laboratories | Düzen Sağlık Grubu Polikliniği rapor formatıyla çapraz doğrulanmıştır,2026-06-30
Eritrosit,CBC,M/mm3,4.5,5.9,4.0,5.2,3.9,5.3,4.2,5.6,3.8,5.0,3.5,4.8,false,,,,,,,,,false,,,,,,,,,WHO Hematology Reference Ranges / Mayo Clinic Laboratories | Düzen Sağlık Grubu Polikliniği rapor formatıyla çapraz doğrulanmıştır,2026-06-30
MCV,CBC,fL,80.0,100.0,80.0,100.0,70.0,90.0,80.0,100.0,80.0,100.0,82.0,100.0,false,,,,,,,,,false,,,,,,,,,WHO Hematology Reference Ranges / Mayo Clinic Laboratories | Düzen Sağlık Grubu Polikliniği rapor formatıyla çapraz doğrulanmıştır,2026-06-30
MCH,CBC,pg,27.0,33.0,27.0,33.0,23.0,31.0,27.0,33.0,27.0,33.0,27.0,33.0,false,,,,,,,,,false,,,,,,,,,WHO Hematology Reference Ranges / Mayo Clinic Laboratories | Düzen Sağlık Grubu Polikliniği rapor formatıyla çapraz doğrulanmıştır,2026-06-30
MCHC,CBC,g/dL,32.0,36.0,32.0,36.0,32.0,36.0,32.0,36.0,32.0,36.0,32.0,36.0,false,,,,,,,,,false,,,,,,,,,WHO Hematology Reference Ranges / Mayo Clinic Laboratories | Düzen Sağlık Grubu Polikliniği rapor formatıyla çapraz doğrulanmıştır,2026-06-30
RDW-CV,CBC,%,11.5,14.5,11.5,14.5,11.5,15.5,11.5,15.0,11.5,15.0,11.5,15.0,false,,,,,,,,,false,,,,,,,,,WHO Hematology Reference Ranges / Mayo Clinic Laboratories | Düzen Sağlık Grubu Polikliniği rapor formatıyla çapraz doğrulanmıştır,2026-06-30
RDW-SD,CBC,fL,36.0,48.0,36.0,48.0,35.0,47.0,36.0,48.0,36.0,48.0,36.0,48.0,false,,,,,,,,,false,,,,,,,,,WHO Hematology Reference Ranges / Mayo Clinic Laboratories | Düzen Sağlık Grubu Polikliniği rapor formatıyla çapraz doğrulanmıştır,2026-06-30
Lökosit,CBC,K/mm3,4.5,11.0,4.5,11.0,5.0,15.0,4.0,10.5,4.0,10.5,5.7,13.6,false,,,,,,,,,false,,,,,,,,,WHO Hematology Reference Ranges / Mayo Clinic Laboratories | Düzen Sağlık Grubu Polikliniği rapor formatıyla çapraz doğrulanmıştır,2026-06-30
Nötrofil Mutlak Değeri,CBC,K/mm3,1.8,7.92,1.8,7.92,1.5,8.0,1.8,7.5,1.8,7.5,3.9,11.5,false,,,,,,,,,false,,,,,,,,,WHO Hematology Reference Ranges / Mayo Clinic Laboratories | Düzen Sağlık Grubu Polikliniği rapor formatıyla çapraz doğrulanmıştır,2026-06-30
Nötrofil %,CBC,%,40.0,72.0,40.0,72.0,30.0,60.0,40.0,75.0,40.0,75.0,60.0,85.0,false,,,,,,,,,false,,,,,,,,,WHO Hematology Reference Ranges / Mayo Clinic Laboratories | Düzen Sağlık Grubu Polikliniği rapor formatıyla çapraz doğrulanmıştır,2026-06-30
Lenfosit Mutlak Değeri,CBC,K/mm3,0.9,5.17,0.9,5.17,1.5,7.0,0.8,4.5,0.8,4.5,0.9,3.5,false,,,,,,,,,false,,,,,,,,,WHO Hematology Reference Ranges / Mayo Clinic Laboratories | Düzen Sağlık Grubu Polikliniği rapor formatıyla çapraz doğrulanmıştır,2026-06-30
Lenfosit %,CBC,%,20.0,47.0,20.0,47.0,30.0,60.0,18.0,45.0,18.0,45.0,13.0,35.0,false,,,,,,,,,false,,,,,,,,,WHO Hematology Reference Ranges / Mayo Clinic Laboratories | Düzen Sağlık Grubu Polikliniği rapor formatıyla çapraz doğrulanmıştır,2026-06-30
Monosit Mutlak Değeri,CBC,K/mm3,0.13,0.88,0.13,0.88,0.15,1.0,0.13,0.9,0.13,0.9,0.15,1.0,false,,,,,,,,,false,,,,,,,,,WHO Hematology Reference Ranges / Mayo Clinic Laboratories | Düzen Sağlık Grubu Polikliniği rapor formatıyla çapraz doğrulanmıştır,2026-06-30
Monosit %,CBC,%,3.0,8.0,3.0,8.0,2.0,10.0,3.0,9.0,3.0,9.0,3.0,9.0,false,,,,,,,,,false,,,,,,,,,WHO Hematology Reference Ranges / Mayo Clinic Laboratories | Düzen Sağlık Grubu Polikliniği rapor formatıyla çapraz doğrulanmıştır,2026-06-30
Eozinofil Mutlak Değeri,CBC,K/mm3,0.0,0.77,0.0,0.77,0.0,0.7,0.0,0.8,0.0,0.8,0.0,0.6,false,,,,,,,,,false,,,,,,,,,WHO Hematology Reference Ranges / Mayo Clinic Laboratories | Düzen Sağlık Grubu Polikliniği rapor formatıyla çapraz doğrulanmıştır,2026-06-30
Eozinofil %,CBC,%,0.0,7.0,0.0,7.0,0.0,6.0,0.0,7.0,0.0,7.0,0.0,5.0,false,,,,,,,,,false,,,,,,,,,WHO Hematology Reference Ranges / Mayo Clinic Laboratories | Düzen Sağlık Grubu Polikliniği rapor formatıyla çapraz doğrulanmıştır,2026-06-30
Bazofil Mutlak Değeri,CBC,K/mm3,0.0,0.11,0.0,0.11,0.0,0.1,0.0,0.12,0.0,0.12,0.0,0.1,false,,,,,,,,,false,,,,,,,,,WHO Hematology Reference Ranges / Mayo Clinic Laboratories | Düzen Sağlık Grubu Polikliniği rapor formatıyla çapraz doğrulanmıştır,2026-06-30
Bazofil %,CBC,%,0.0,1.0,0.0,1.0,0.0,1.0,0.0,1.0,0.0,1.0,0.0,1.0,false,,,,,,,,,false,,,,,,,,,WHO Hematology Reference Ranges / Mayo Clinic Laboratories | Düzen Sağlık Grubu Polikliniği rapor formatıyla çapraz doğrulanmıştır,2026-06-30
Trombosit,CBC,K/mm3,150.0,400.0,150.0,400.0,150.0,450.0,140.0,380.0,140.0,380.0,100.0,400.0,false,,,,,,,,,false,,,,,,,,,WHO Hematology Reference Ranges / Mayo Clinic Laboratories | Düzen Sağlık Grubu Polikliniği rapor formatıyla çapraz doğrulanmıştır,2026-06-30
MPV,CBC,fL,7.2,11.1,7.2,11.1,7.0,11.0,7.5,11.5,7.5,11.5,7.5,11.5,false,,,,,,,,,false,,,,,,,,,WHO Hematology Reference Ranges / Mayo Clinic Laboratories | Düzen Sağlık Grubu Polikliniği rapor formatıyla çapraz doğrulanmıştır,2026-06-30
PCT,CBC,%,0.1,0.41,0.1,0.41,0.1,0.45,0.1,0.4,0.1,0.4,0.1,0.4,false,,,,,,,,,false,,,,,,,,,WHO Hematology Reference Ranges / Mayo Clinic Laboratories | Düzen Sağlık Grubu Polikliniği rapor formatıyla çapraz doğrulanmıştır,2026-06-30
PDW,CBC,fL,10.1,16.1,10.1,16.1,9.8,16.1,10.1,16.5,10.1,16.5,10.1,16.5,false,,,,,,,,,false,,,,,,,,,WHO Hematology Reference Ranges / Mayo Clinic Laboratories | Düzen Sağlık Grubu Polikliniği rapor formatıyla çapraz doğrulanmıştır,2026-06-30
P-LCR,CBC,%,19.4,43.7,19.4,43.7,19.0,43.0,19.4,45.0,19.4,45.0,19.4,45.0,false,,,,,,,,,false,,,,,,,,,WHO Hematology Reference Ranges / Mayo Clinic Laboratories | Düzen Sağlık Grubu Polikliniği rapor formatıyla çapraz doğrulanmıştır,2026-06-30
IG,CBC,K/mm3,0.0,0.06,0.0,0.06,0.0,0.07,0.0,0.06,0.0,0.06,0.0,0.06,false,,,,,,,,,false,,,,,,,,,WHO Hematology Reference Ranges / Mayo Clinic Laboratories | Düzen Sağlık Grubu Polikliniği rapor formatıyla çapraz doğrulanmıştır,2026-06-30
IG %,CBC,%,0.0,0.6,0.0,0.6,0.0,0.7,0.0,0.6,0.0,0.6,0.0,0.6,false,,,,,,,,,false,,,,,,,,,WHO Hematology Reference Ranges / Mayo Clinic Laboratories | Düzen Sağlık Grubu Polikliniği rapor formatıyla çapraz doğrulanmıştır,2026-06-30
Glukoz,Biyokimya,mg/dL,70.0,100.0,70.0,100.0,70.0,100.0,70.0,110.0,70.0,110.0,65.0,95.0,false,,,,,,,,,false,,,,,,,,,NHANES (CDC) / Mayo Clinic Laboratories / Türk Klinik Biyokimya Derneği,2026-06-30
HbA1c,Biyokimya,%,4.0,5.6,4.0,5.6,4.0,5.6,4.0,5.7,4.0,5.7,4.0,5.6,false,,,,,,,,,false,,"Son 2-3 aylık ortalama kan şekerini yansıtır, anlık açlık glikozundan farklıdır. Anemi, hemoglobinopati (talasemi gibi) veya yakın zamanda kan transfüzyonu HbA1c sonucunu yanıltabilir (yapay düşük/yüksek çıkabilir); bu durumlarda açlık glikozu ve OGTT (şeker yükleme testi) ile teyit önerilir.",,,,,,,NHANES (CDC) / Mayo Clinic Laboratories / Türk Klinik Biyokimya Derneği,2026-06-30
İnsülin,Biyokimya,µU/mL,2.6,24.9,2.6,24.9,2.0,20.0,2.6,25.0,2.6,25.0,3.0,30.0,false,,,,,,,,,false,,,,,,,,,NHANES (CDC) / Mayo Clinic Laboratories / Türk Klinik Biyokimya Derneği,2026-06-30
Kreatinin,Biyokimya,mg/dL,0.7,1.3,0.6,1.1,0.3,0.7,0.7,1.4,0.6,1.2,0.4,0.9,false,,,,,,,,,false,,"Böbrek fonksiyonunu yansıtır ancak kas kütlesinden etkilenir; kaslı bireylerde böbrek fonksiyonu normal olsa bile kreatinin göreceli yüksek çıkabilir, düşük kas kütleli (yaşlı, düşkün) bireylerde ise böbrek hasarı olsa bile kreatinin normal görünebilir. Bu yüzden GFR (hesaplanmış filtrasyon hızı) ile birlikte değerlendirilmesi daha güvenilirdir.",,,,,,,NHANES (CDC) / Mayo Clinic Laboratories / Türk Klinik Biyokimya Derneği,2026-06-30
Üre,Biyokimya,mg/dL,17.0,43.0,17.0,43.0,10.0,40.0,18.0,50.0,18.0,50.0,7.0,21.0,false,,,,,,,,,false,,,,,,,,,NHANES (CDC) / Mayo Clinic Laboratories / Türk Klinik Biyokimya Derneği,2026-06-30
BUN,Biyokimya,mg/dL,7.0,20.0,7.0,20.0,5.0,18.0,8.0,23.0,8.0,23.0,3.0,13.0,false,,,,,,,,,false,,,,,,,,,NHANES (CDC) / Mayo Clinic Laboratories / Türk Klinik Biyokimya Derneği,2026-06-30
ALT,Biyokimya,U/L,7.0,56.0,7.0,45.0,5.0,35.0,7.0,50.0,7.0,40.0,5.0,35.0,false,,,,,,,,,false,,"Karaciğere daha özgüdür (AST'ye göre). Hafif yükseklikler yağlı karaciğer, alkol kullanımı, bazı ilaçlar (statin gibi) veya yoğun egzersiz sonrası görülebilir; tek başına ciddi karaciğer hastalığı anlamına gelmez. Belirgin yükseklik veya AST ile birlikte yükseklik daha fazla klinik önem taşır.",,,,,,,NHANES (CDC) / Mayo Clinic Laboratories / Türk Klinik Biyokimya Derneği,2026-06-30
AST,Biyokimya,U/L,10.0,40.0,10.0,35.0,10.0,45.0,10.0,40.0,10.0,35.0,5.0,35.0,false,,,,,,,,,false,,Karaciğer dışında kalp kası ve iskelet kasında da bulunur; bu yüzden ALT kadar karaciğere özgü değildir. AST/ALT oranı tanısal ipucu verebilir (örn. alkolik karaciğer hastalığında AST genelde ALT'den yüksektir). Yoğun egzersiz veya kas hasarı sonrası da yükselebilir.,,,,,,,NHANES (CDC) / Mayo Clinic Laboratories / Türk Klinik Biyokimya Derneği,2026-06-30
GGT,Biyokimya,U/L,9.0,48.0,9.0,32.0,5.0,25.0,9.0,50.0,9.0,35.0,5.0,30.0,false,,,,,,,,,false,,,,,,,,,NHANES (CDC) / Mayo Clinic Laboratories / Türk Klinik Biyokimya Derneği,2026-06-30
ALP,Biyokimya,U/L,40.0,129.0,35.0,104.0,100.0,350.0,40.0,140.0,35.0,120.0,40.0,200.0,false,,,,,,,,,false,,,,,,,,,NHANES (CDC) / Mayo Clinic Laboratories / Türk Klinik Biyokimya Derneği,2026-06-30
Total Bilirubin,Biyokimya,mg/dL,0.3,1.2,0.3,1.2,0.2,1.0,0.3,1.3,0.3,1.3,0.1,1.0,false,,,,,,,,,false,,,,,,,,,NHANES (CDC) / Mayo Clinic Laboratories / Türk Klinik Biyokimya Derneği,2026-06-30
Direkt Bilirubin,Biyokimya,mg/dL,0.0,0.3,0.0,0.3,0.0,0.2,0.0,0.3,0.0,0.3,0.0,0.3,false,,,,,,,,,false,,,,,,,,,NHANES (CDC) / Mayo Clinic Laboratories / Türk Klinik Biyokimya Derneği,2026-06-30
Albumin,Biyokimya,g/dL,3.5,5.2,3.5,5.2,3.8,5.4,3.2,4.8,3.2,4.8,2.8,4.0,false,,,,,,,,,false,,,,,,,,,NHANES (CDC) / Mayo Clinic Laboratories / Türk Klinik Biyokimya Derneği,2026-06-30
Total Protein,Biyokimya,g/dL,6.0,8.3,6.0,8.3,6.2,8.0,6.0,8.0,6.0,8.0,5.5,7.5,false,,,,,,,,,false,,,,,,,,,NHANES (CDC) / Mayo Clinic Laboratories / Türk Klinik Biyokimya Derneği,2026-06-30
Total Kolesterol,Biyokimya,mg/dL,0.0,200.0,0.0,200.0,0.0,170.0,0.0,200.0,0.0,200.0,0.0,280.0,false,,,,,,,,,false,,,,,,,,,NHANES (CDC) / Mayo Clinic Laboratories / Türk Klinik Biyokimya Derneği,2026-06-30
LDL,Biyokimya,mg/dL,0.0,100.0,0.0,100.0,0.0,110.0,0.0,100.0,0.0,100.0,0.0,190.0,false,,,,,,,,,false,,,,,,,,,NHANES (CDC) / Mayo Clinic Laboratories / Türk Klinik Biyokimya Derneği,2026-06-30
HDL,Biyokimya,mg/dL,40.0,,50.0,,40.0,,40.0,,50.0,,45.0,,false,,,,,,,,,true,,,,,,,,,NHANES (CDC) / Mayo Clinic Laboratories / Türk Klinik Biyokimya Derneği,2026-06-30
VLDL,Biyokimya,mg/dL,2.0,30.0,2.0,30.0,2.0,25.0,2.0,30.0,2.0,30.0,2.0,35.0,false,,,,,,,,,false,,,,,,,,,NHANES (CDC) / Mayo Clinic Laboratories / Türk Klinik Biyokimya Derneği,2026-06-30
Trigliserid,Biyokimya,mg/dL,0.0,150.0,0.0,150.0,0.0,100.0,0.0,150.0,0.0,150.0,0.0,250.0,false,,,,,,,,,false,,,,,,,,,NHANES (CDC) / Mayo Clinic Laboratories / Türk Klinik Biyokimya Derneği,2026-06-30
ApoA1,Biyokimya,mg/dL,104.0,202.0,108.0,225.0,100.0,200.0,104.0,202.0,108.0,225.0,110.0,230.0,false,,,,,,,,,false,,,,,,,,,NHANES (CDC) / Mayo Clinic Laboratories / Türk Klinik Biyokimya Derneği,2026-06-30
ApoB,Biyokimya,mg/dL,66.0,133.0,60.0,117.0,55.0,110.0,66.0,133.0,60.0,117.0,60.0,140.0,false,,,,,,,,,false,,,,,,,,,NHANES (CDC) / Mayo Clinic Laboratories / Türk Klinik Biyokimya Derneği,2026-06-30
Lp(a),Biyokimya,mg/dL,0.0,30.0,0.0,30.0,0.0,30.0,0.0,30.0,0.0,30.0,0.0,30.0,false,,,,,,,,,false,,,,,,,,,NHANES (CDC) / Mayo Clinic Laboratories / Türk Klinik Biyokimya Derneği,2026-06-30
Sodyum,Biyokimya,mEq/L,136.0,145.0,136.0,145.0,136.0,145.0,135.0,146.0,135.0,146.0,133.0,144.0,false,,,,,,,,,false,,,,,,,,,NHANES (CDC) / Mayo Clinic Laboratories / Türk Klinik Biyokimya Derneği,2026-06-30
Potasyum,Biyokimya,mEq/L,3.5,5.1,3.5,5.1,3.5,5.5,3.5,5.2,3.5,5.2,3.3,5.0,false,,,,,,,,,false,,,,,,,,,NHANES (CDC) / Mayo Clinic Laboratories / Türk Klinik Biyokimya Derneği,2026-06-30
Kalsiyum,Biyokimya,mg/dL,8.5,10.5,8.5,10.5,8.8,10.8,8.4,10.2,8.4,10.2,8.2,9.7,false,,,,,,,,,false,,,,,,,,,NHANES (CDC) / Mayo Clinic Laboratories / Türk Klinik Biyokimya Derneği,2026-06-30
Magnezyum,Biyokimya,mg/dL,1.7,2.2,1.7,2.2,1.6,2.3,1.6,2.2,1.6,2.2,1.5,2.0,false,,,,,,,,,false,,,,,,,,,NHANES (CDC) / Mayo Clinic Laboratories / Türk Klinik Biyokimya Derneği,2026-06-30
Fosfor,Biyokimya,mg/dL,2.5,4.5,2.5,4.5,3.5,6.0,2.4,4.2,2.4,4.2,2.3,4.3,false,,,,,,,,,false,,,,,,,,,NHANES (CDC) / Mayo Clinic Laboratories / Türk Klinik Biyokimya Derneği,2026-06-30
Klor,Biyokimya,mEq/L,98.0,107.0,98.0,107.0,98.0,107.0,98.0,108.0,98.0,108.0,95.0,105.0,false,,,,,,,,,false,,,,,,,,,NHANES (CDC) / Mayo Clinic Laboratories / Türk Klinik Biyokimya Derneği,2026-06-30
Ürik Asit,Biyokimya,mg/dL,3.4,7.0,2.4,6.0,2.0,5.5,3.4,7.5,2.4,6.5,2.0,5.5,false,,,,,,,,,false,,,,,,,,,NHANES (CDC) / Mayo Clinic Laboratories / Türk Klinik Biyokimya Derneği,2026-06-30
Amilaz,Biyokimya,U/L,28.0,100.0,28.0,100.0,20.0,85.0,28.0,110.0,28.0,110.0,28.0,100.0,false,,,,,,,,,false,,,,,,,,,NHANES (CDC) / Mayo Clinic Laboratories / Türk Klinik Biyokimya Derneği,2026-06-30
Lipaz,Biyokimya,U/L,13.0,60.0,13.0,60.0,10.0,50.0,13.0,65.0,13.0,65.0,13.0,60.0,false,,,,,,,,,false,,,,,,,,,NHANES (CDC) / Mayo Clinic Laboratories / Türk Klinik Biyokimya Derneği,2026-06-30
LDH,Biyokimya,U/L,140.0,280.0,140.0,280.0,150.0,360.0,140.0,290.0,140.0,290.0,140.0,300.0,false,,,,,,,,,false,,,,,,,,,NHANES (CDC) / Mayo Clinic Laboratories / Türk Klinik Biyokimya Derneği,2026-06-30
CK (CPK),Biyokimya,U/L,39.0,308.0,26.0,192.0,30.0,200.0,35.0,280.0,25.0,180.0,25.0,180.0,false,,,,,,,,,false,,,,,,,,,NHANES (CDC) / Mayo Clinic Laboratories / Türk Klinik Biyokimya Derneği,2026-06-30
Homosistein,Biyokimya,µmol/L,5.0,15.0,4.0,13.0,3.0,10.0,5.0,18.0,4.0,16.0,4.0,10.0,false,,,,,,,,,false,,,,,,,,,NHANES (CDC) / Mayo Clinic Laboratories / Türk Klinik Biyokimya Derneği,2026-06-30
TSH,Tiroid,mIU/L,0.4,4.0,0.4,4.0,0.5,4.5,0.5,5.0,0.5,5.0,0.1,3.0,false,,,,,,,,,false,,"Tiroid fonksiyonunun en hassas göstergesidir ancak tek başına yeterli olmayabilir; T3/T4 ile birlikte değerlendirilmelidir. Akut hastalık döneminde (yoğun bakım, ağır enfeksiyon) geçici olarak anormal çıkabilir (sick euthyroid sendromu). Gebelikte trimesterlere göre referans aralığı değişir, standart aralık kullanılmamalıdır.",,,,,,,American Thyroid Association (ATA) Guidelines / Mayo Clinic Laboratories,2026-06-30
Serbest T3,Tiroid,pg/mL,2.3,4.2,2.3,4.2,2.5,4.5,2.0,4.0,2.0,4.0,2.0,3.7,false,,,,,,,,,false,,,,,,,,,American Thyroid Association (ATA) Guidelines / Mayo Clinic Laboratories,2026-06-30
Serbest T4,Tiroid,ng/dL,0.8,1.8,0.8,1.8,0.8,2.0,0.8,1.8,0.8,1.8,0.6,1.5,false,,,,,,,,,false,,,,,,,,,American Thyroid Association (ATA) Guidelines / Mayo Clinic Laboratories,2026-06-30
Total T3,Tiroid,ng/dL,80.0,200.0,80.0,200.0,100.0,260.0,70.0,180.0,70.0,180.0,100.0,260.0,false,,,,,,,,,false,,,,,,,,,American Thyroid Association (ATA) Guidelines / Mayo Clinic Laboratories,2026-06-30
Total T4,Tiroid,µg/dL,5.0,12.0,5.0,12.0,6.0,13.0,5.0,11.5,5.0,11.5,6.5,15.0,false,,,,,,,,,false,,,,,,,,,American Thyroid Association (ATA) Guidelines / Mayo Clinic Laboratories,2026-06-30
Anti-TPO,Tiroid,IU/mL,0.0,34.0,0.0,34.0,0.0,34.0,0.0,34.0,0.0,34.0,0.0,34.0,false,,,,,,,,,false,,,,,,,,,American Thyroid Association (ATA) Guidelines / Mayo Clinic Laboratories,2026-06-30
Anti-TG,Tiroid,IU/mL,0.0,115.0,0.0,115.0,0.0,115.0,0.0,115.0,0.0,115.0,0.0,115.0,false,,,,,,,,,false,,,,,,,,,American Thyroid Association (ATA) Guidelines / Mayo Clinic Laboratories,2026-06-30
Tiroglobulin,Tiroid,ng/mL,1.6,59.9,1.6,59.9,1.0,40.0,1.6,60.0,1.6,60.0,1.6,70.0,false,,,,,,,,,false,,,,,,,,,American Thyroid Association (ATA) Guidelines / Mayo Clinic Laboratories,2026-06-30
Kortizol,Hormon,µg/dL,6.2,19.4,6.2,19.4,3.0,21.0,5.0,20.0,5.0,20.0,12.0,36.0,false,,,,,,,,,false,,,,,,,,,Endocrine Society Clinical Guidelines / Mayo Clinic Laboratories,2026-06-30
Testosteron,Hormon,ng/dL,280.0,1100.0,15.0,70.0,2.0,25.0,200.0,850.0,10.0,50.0,30.0,230.0,false,,,,,,,,,false,,,,,,,,,Endocrine Society Clinical Guidelines / Mayo Clinic Laboratories,2026-06-30
Serbest Testosteron,Hormon,pg/mL,8.7,25.1,0.2,5.0,0.1,2.0,6.0,20.0,0.1,3.5,0.2,8.0,false,,,,,,,,,false,,,,,,,,,Endocrine Society Clinical Guidelines / Mayo Clinic Laboratories,2026-06-30
Östrojen (Estradiol),Hormon,pg/mL,10.0,40.0,30.0,400.0,5.0,20.0,10.0,35.0,5.0,30.0,200.0,30000.0,false,,,,,,,,,false,,,"{""folikuler_faz_erken"": [20, 150], ""folikuler_faz_gec"": [40, 350], ""ovulasyon"": [150, 750], ""luteal_faz"": [50, 240], ""menopoz"": [0, 30], ""not"": ""Adet döngüsünün hangi gününde olunduğu bilinmeden tek başına yorumlamak yanıltıcıdır. Ovulasyon civarında pik yapar.""}",,,,,,Endocrine Society Clinical Guidelines / Mayo Clinic Laboratories,2026-06-30
Progesteron,Hormon,ng/mL,0.1,0.5,0.1,25.0,0.1,0.5,0.1,0.5,0.1,1.0,10.0,200.0,false,,,,,,,,,false,,,"{""folikuler_faz"": [0.1, 1.5], ""ovulasyon"": [0.5, 4.0], ""luteal_faz"": [3.0, 25.0], ""menopoz"": [0.0, 0.5], ""not"": ""Luteal fazda (ovulasyon sonrası) belirgin yükselir; bu yükseliş ovulasyonun gerçekleştiğinin dolaylı kanıtıdır. Erken gebelikte de yüksek seyreder.""}",,,,,,Endocrine Society Clinical Guidelines / Mayo Clinic Laboratories,2026-06-30
FSH,Hormon,mIU/mL,1.5,12.4,3.5,12.5,0.5,5.0,1.5,15.0,25.0,135.0,0.0,0.5,false,,,,,,,,,false,,,"{""folikuler_faz_erken"": [3.5, 12.5], ""ovulasyon"": [4.7, 21.5], ""luteal_faz"": [1.7, 7.7], ""menopoz"": [25.8, 134.8], ""not"": ""Yüksek FSH (özellikle 25+ mIU/mL) over rezervinin azaldığına veya menopoza işaret edebilir. Genç yaşta yüksek FSH over yetmezliği açısından değerlendirilmelidir.""}",,,,,,Endocrine Society Clinical Guidelines / Mayo Clinic Laboratories,2026-06-30
LH,Hormon,mIU/mL,1.7,8.6,2.4,12.6,0.5,5.0,1.7,10.0,15.0,62.0,0.0,1.5,false,,,,,,,,,false,,,"{""folikuler_faz"": [2.4, 12.6], ""ovulasyon_piki"": [14.0, 95.6], ""luteal_faz"": [1.0, 11.4], ""menopoz"": [7.7, 58.5], ""not"": ""Ovulasyondan ~24-36 saat önce ani LH yükselişi (LH piki) görülür; bu, ovulasyon takibinde kullanılan en önemli bulgudur.""}",,,,,,Endocrine Society Clinical Guidelines / Mayo Clinic Laboratories,2026-06-30
Prolaktin,Hormon,ng/mL,4.0,15.2,4.8,23.3,3.0,18.0,4.0,15.0,4.0,20.0,36.0,600.0,false,,,,,,,,,false,,,,,,,,,Endocrine Society Clinical Guidelines / Mayo Clinic Laboratories,2026-06-30
DHEA-S,Hormon,µg/dL,80.0,560.0,35.0,430.0,10.0,150.0,40.0,350.0,20.0,250.0,30.0,350.0,false,,,,,,,,,false,,,,,,,,,Endocrine Society Clinical Guidelines / Mayo Clinic Laboratories,2026-06-30
Büyüme Hormonu (GH),Hormon,ng/mL,0.0,5.0,0.0,8.0,0.0,10.0,0.0,5.0,0.0,7.0,0.5,10.0,false,,,,,,,,,false,,,,,,,,,Endocrine Society Clinical Guidelines / Mayo Clinic Laboratories,2026-06-30
IGF-1,Hormon,ng/mL,100.0,250.0,100.0,250.0,50.0,400.0,60.0,180.0,60.0,180.0,150.0,350.0,false,,,,,,,,,false,,,,,,,,,Endocrine Society Clinical Guidelines / Mayo Clinic Laboratories,2026-06-30
PTH (Parathormon),Hormon,pg/mL,15.0,65.0,15.0,65.0,10.0,60.0,15.0,75.0,15.0,75.0,10.0,55.0,false,,,,,,,,,false,,,,,,,,,Endocrine Society Clinical Guidelines / Mayo Clinic Laboratories,2026-06-30
Vitamin D,Vitamin,ng/mL,20.0,100.0,20.0,100.0,20.0,100.0,30.0,100.0,30.0,100.0,30.0,100.0,false,,,,,,,,,false,,"Kemik sağlığı, bağışıklık ve kas fonksiyonu için önemlidir. Mevsimsel değişim gösterir (yaz sonunda yüksek, kış sonunda düşük olması normaldir). 20 ng/mL altı yetersizlik, 30 ng/mL altı genelde takviye önerisi için eşik kabul edilir; toksisite nadiren 100 ng/mL üzerinde, aşırı doz takviye kullanımıyla görülür.",,,,,,,NIH Office of Dietary Supplements / Mayo Clinic Laboratories,2026-06-30
Vitamin B12,Vitamin,pg/mL,200.0,900.0,200.0,900.0,200.0,900.0,200.0,900.0,200.0,900.0,200.0,900.0,false,,,,,,,,,false,,,,,,,,,NIH Office of Dietary Supplements / Mayo Clinic Laboratories,2026-06-30
Folik Asit,Vitamin,ng/mL,3.1,17.5,3.1,17.5,3.1,17.5,3.1,17.5,3.1,17.5,4.0,20.0,false,,,,,,,,,false,,,,,,,,,NIH Office of Dietary Supplements / Mayo Clinic Laboratories,2026-06-30
Demir,Mineral,µg/dL,65.0,175.0,50.0,170.0,50.0,120.0,60.0,160.0,45.0,150.0,40.0,150.0,false,,,,,,,,,false,,,,,,,,,WHO Trace Elements Reference / Mayo Clinic Laboratories,2026-06-30
Ferritin,Mineral,ng/mL,24.0,336.0,11.0,307.0,7.0,140.0,24.0,380.0,11.0,320.0,6.0,130.0,false,,,,,,,,,false,,"Hem demir deposunu gösterir hem de akut faz reaktanıdır (iltihap/enfeksiyon durumunda yapay olarak yükselebilir). Düşük ferritin demir eksikliği için en güvenilir göstergedir. Yüksek ferritin tek başına demir fazlalığı anlamına gelmeyebilir; CRP ile birlikte değerlendirilmelidir, çünkü iltihaplı durumlarda demir eksikliği olsa bile ferritin normal/yüksek çıkabilir.",,,,,,,WHO Trace Elements Reference / Mayo Clinic Laboratories,2026-06-30
TIBC,Mineral,µg/dL,250.0,425.0,250.0,450.0,250.0,400.0,240.0,420.0,240.0,440.0,300.0,500.0,false,,,,,,,,,false,,,,,,,,,WHO Trace Elements Reference / Mayo Clinic Laboratories,2026-06-30
Transferrin Satürasyonu,Mineral,%,20.0,50.0,15.0,50.0,15.0,45.0,20.0,50.0,15.0,50.0,10.0,40.0,false,,,,,,,,,false,,,,,,,,,WHO Trace Elements Reference / Mayo Clinic Laboratories,2026-06-30
Transferrin,Mineral,mg/dL,200.0,360.0,200.0,380.0,200.0,360.0,190.0,350.0,190.0,370.0,250.0,450.0,false,,,,,,,,,false,,,,,,,,,WHO Trace Elements Reference / Mayo Clinic Laboratories,2026-06-30
Çinko,Mineral,µg/dL,60.0,130.0,60.0,130.0,55.0,120.0,55.0,125.0,55.0,125.0,50.0,110.0,false,,,,,,,,,false,,,,,,,,,WHO Trace Elements Reference / Mayo Clinic Laboratories,2026-06-30
Bakır,Mineral,µg/dL,70.0,140.0,80.0,155.0,70.0,150.0,70.0,140.0,80.0,155.0,120.0,250.0,false,,,,,,,,,false,,,,,,,,,WHO Trace Elements Reference / Mayo Clinic Laboratories,2026-06-30
Selenyum,Mineral,µg/L,70.0,150.0,70.0,150.0,60.0,130.0,65.0,140.0,65.0,140.0,60.0,130.0,false,,,,,,,,,false,,,,,,,,,WHO Trace Elements Reference / Mayo Clinic Laboratories,2026-06-30
Vitamin A,Vitamin,µg/dL,30.0,65.0,30.0,65.0,20.0,50.0,30.0,65.0,30.0,65.0,32.0,70.0,false,,,,,,,,,false,,,,,,,,,NIH Office of Dietary Supplements / Mayo Clinic Laboratories,2026-06-30
Vitamin E,Vitamin,mg/L,5.5,17.0,5.5,17.0,3.0,9.0,5.5,18.0,5.5,18.0,7.0,20.0,false,,,,,,,,,false,,,,,,,,,NIH Office of Dietary Supplements / Mayo Clinic Laboratories,2026-06-30
Vitamin B1 (Tiamin),Vitamin,nmol/L,70.0,180.0,70.0,180.0,70.0,180.0,70.0,180.0,70.0,180.0,70.0,180.0,false,,,,,,,,,false,,,,,,,,,NIH Office of Dietary Supplements / Mayo Clinic Laboratories,2026-06-30
Vitamin B6,Vitamin,ng/mL,5.0,50.0,5.0,50.0,5.0,50.0,5.0,50.0,5.0,50.0,5.0,50.0,false,,,,,,,,,false,,,,,,,,,NIH Office of Dietary Supplements / Mayo Clinic Laboratories,2026-06-30
CRP,İnflamasyon,mg/L,0.0,5.0,0.0,5.0,0.0,5.0,0.0,8.0,0.0,8.0,0.0,10.0,false,,,,,,,,,false,,"Spesifik olmayan bir iltihap belirtecidir; enfeksiyon, otoimmün hastalık, travma, ameliyat sonrası gibi birçok durumda yükselir. Hangi organ/sistemin sorumlu olduğunu göstermez, sadece vücutta iltihap olup olmadığını ve şiddetini gösterir. Tek ölçüm yerine trend (artıyor mu azalıyor mu) genellikle daha bilgilendiricidir.",,,,,,,Mayo Clinic Laboratories / WHO | Düzen Sağlık Grubu Polikliniği rapor formatıyla çapraz doğrulanmıştır,2026-06-30
Sedimentasyon (ESR),İnflamasyon,mm/saat,0.0,15.0,0.0,20.0,0.0,10.0,0.0,20.0,0.0,30.0,0.0,45.0,false,,,,,,,,,false,,,,,,,,,Mayo Clinic Laboratories / WHO,2026-06-30
Prokalsitonin,İnflamasyon,ng/mL,0.0,0.05,0.0,0.05,0.0,0.05,0.0,0.05,0.0,0.05,0.0,0.05,false,,,,,,,,,false,,,,,,,,,Mayo Clinic Laboratories / WHO,2026-06-30
IgA,İmmünoloji,mg/dL,70.0,400.0,70.0,400.0,20.0,230.0,70.0,420.0,70.0,420.0,70.0,400.0,false,,,,,,,,,false,,,,,,,,,Mayo Clinic Laboratories / Clinical Immunology Society,2026-06-30
IgG,İmmünoloji,mg/dL,700.0,1600.0,700.0,1600.0,400.0,1200.0,700.0,1700.0,700.0,1700.0,700.0,1600.0,false,,,,,,,,,false,,,,,,,,,Mayo Clinic Laboratories / Clinical Immunology Society,2026-06-30
IgM,İmmünoloji,mg/dL,40.0,230.0,40.0,280.0,20.0,150.0,40.0,230.0,40.0,280.0,40.0,250.0,false,,,,,,,,,false,,,,,,,,,Mayo Clinic Laboratories / Clinical Immunology Society,2026-06-30
Total IgE,İmmünoloji,IU/mL,0.0,100.0,0.0,100.0,0.0,60.0,0.0,100.0,0.0,100.0,0.0,100.0,false,,,,,,,,,false,,,,,,,,,Mayo Clinic Laboratories / Clinical Immunology Society,2026-06-30
ANA,İmmünoloji,titre,0.0,1.0,0.0,1.0,0.0,1.0,0.0,1.0,0.0,1.0,0.0,1.0,false,,,,,,,,,false,,,,,,,,,Mayo Clinic Laboratories / Clinical Immunology Society,2026-06-30
RF (Romatoid Faktör),İmmünoloji,IU/mL,0.0,14.0,0.0,14.0,0.0,14.0,0.0,20.0,0.0,20.0,0.0,14.0,false,,,,,,,,,false,,,,,,,,,Mayo Clinic Laboratories / Clinical Immunology Society,2026-06-30
Anti-CCP,İmmünoloji,U/mL,0.0,17.0,0.0,17.0,0.0,17.0,0.0,17.0,0.0,17.0,0.0,17.0,false,,,,,,,,,false,,,,,,,,,Mayo Clinic Laboratories / Clinical Immunology Society,2026-06-30
Komplement C3,İmmünoloji,mg/dL,90.0,180.0,90.0,180.0,80.0,170.0,90.0,180.0,90.0,180.0,90.0,200.0,false,,,,,,,,,false,,,,,,,,,Mayo Clinic Laboratories / Clinical Immunology Society,2026-06-30
Komplement C4,İmmünoloji,mg/dL,10.0,40.0,10.0,40.0,8.0,36.0,10.0,40.0,10.0,40.0,10.0,45.0,false,,,,,,,,,false,,,,,,,,,Mayo Clinic Laboratories / Clinical Immunology Society,2026-06-30
PT (Protrombin Zamanı),Koagülasyon,saniye,11.0,13.5,11.0,13.5,11.0,14.0,11.0,14.5,11.0,14.5,10.0,13.0,false,,,,,,,,,false,,,,,,,,,International Society on Thrombosis and Haemostasis (ISTH) / Mayo Clinic Laboratories,2026-06-30
aPTT,Koagülasyon,saniye,25.0,35.0,25.0,35.0,25.0,38.0,25.0,38.0,25.0,38.0,23.0,33.0,false,,,,,,,,,false,,,,,,,,,International Society on Thrombosis and Haemostasis (ISTH) / Mayo Clinic Laboratories,2026-06-30
INR,Koagülasyon,oran,0.8,1.2,0.8,1.2,0.8,1.2,0.8,1.3,0.8,1.3,0.8,1.1,false,,,,,,,,,false,,"Esas olarak warfarin gibi kan sulandırıcı kullanan hastaların takibinde kullanılır; tedavi hedefi genellikle 2.0-3.0 arasıdır (standart referans aralığının dışındadır, tedavi amacına göre değerlendirilmelidir). Kan sulandırıcı kullanmayan biri için yüksek INR karaciğer fonksiyon bozukluğu veya pıhtılaşma faktörü eksikliğini düşündürebilir.",,,,,,,International Society on Thrombosis and Haemostasis (ISTH) / Mayo Clinic Laboratories,2026-06-30
Fibrinojen,Koagülasyon,mg/dL,200.0,400.0,200.0,400.0,150.0,350.0,200.0,450.0,200.0,450.0,300.0,600.0,false,,,,,,,,,false,,,,,,,,,International Society on Thrombosis and Haemostasis (ISTH) / Mayo Clinic Laboratories,2026-06-30
D-Dimer,Koagülasyon,µg/mL,0.0,0.5,0.0,0.5,0.0,0.5,0.0,0.7,0.0,0.7,0.0,1.5,false,,,,,,,,,false,,"Pıhtı oluşumu/yıkımını gösterir, çok hassas ama düşük özgüllüklü bir testtir. Yüksek D-Dimer tek başına pıhtı (tromboz, pulmoner emboli) tanısı koymaz; ameliyat sonrası, gebelik, enfeksiyon, kanser, ileri yaş gibi birçok durumda da yükselebilir. Asıl klinik değeri NEGATİF sonuçtadır: normal D-Dimer, akut tromboz/emboli olasılığını büyük ölçüde dışlamaya yardımcı olur.",,,,,"{""not_kritik"": ""D-Dimer sonuçları FEU (Fibrinogen Equivalent Units) veya DDU (D-Dimer Units) olarak raporlanabilir. FEU değeri yaklaşık olarak DDU değerinin 2 katıdır. Hangi birimde raporlandığı MUTLAKA kontrol edilmelidir, aksi halde yanlış yorumlama riski yüksektir."", ""FEU_birimi"": {""tipik_esik_ug_mL"": 0.5, ""aciklama"": ""Daha yaygın kullanılan, çoğu modern testte FEU birimi tercih edilir""}, ""DDU_birimi"": {""tipik_esik_ug_mL"": 0.25, ""aciklama"": ""FEU'nun yaklaşık yarısı; bazı eski/farklı test kitlerinde kullanılır""}, ""donusum"": ""FEU değeri ≈ DDU değeri x 1.8-2.0 (kesin oran teste göre değişir, laboratuvar belgesinde belirtilmelidir)"", ""klinik_onem"": ""Yanlış birim varsayımı, gerçekte normal olan bir sonucun yüksek (veya tersi) yorumlanmasına yol açabilir. Rapor üzerinde birim açıkça FEU veya DDU olarak belirtilmemişse laboratuvara doğrulatılmalıdır.""}",,International Society on Thrombosis and Haemostasis (ISTH) / Mayo Clinic Laboratories,2026-06-30
Troponin I,Kalp,ng/mL,0.0,0.04,0.0,0.04,0.0,0.04,0.0,0.04,0.0,0.04,0.0,0.04,false,,,,,,,,,false,,"Kalp kası hasarına özgü, en hassas belirteçtir. Referans üstü değer tek başına kalp krizi tanısı koymaz; klinik bulgular ve EKG ile birlikte değerlendirilir. Değer ne kadar yüksekse kalp kası hasarı o kadar fazla olabilir. Seri ölçümlerde (birkaç saat arayla) artış trend göstermesi akut olayı destekler. Böbrek yetmezliği, kalp yetmezliği gibi durumlarda da hafif yükselebilir, bu yüzden tek başına yorumlanmamalıdır.",,,,"{""not"": ""Troponin referans aralığı kullanılan test kitine (assay) göre değişir. Tek bir evrensel eşik yoktur; 99. persentil (üst referans limiti, URL) o cihaz/laboratuvarın kendi sağlıklı popülasyon verisine göre belirlenir."", ""yuksek_hassasiyetli_hs_troponin_T_Roche"": {""99th_percentile_ng_L"": 14, ""birim"": ""ng/L"", ""not"": ""Kadın/erkek ayrı eşik olabilir, kadınlarda genelde daha düşüktür""}, ""yuksek_hassasiyetli_hs_troponin_I_Abbott_Architect"": {""99th_percentile_ng_L"": 26.2, ""birim"": ""ng/L (erkek)"", ""kadin_99th"": 16.0}, ""konvansiyonel_troponin_I"": {""99th_percentile_ng_mL"": 0.04, ""birim"": ""ng/mL""}, ""klinik_kullanim"": ""Akut koroner sendrom değerlendirmesinde, kullanılan assayin kendi 99. persentil eşiği esas alınmalı; sonuç raporunda 'hangi assay/cihaz' kullanıldığı önemlidir. Seri ölçümlerde (0. saat - 1-3. saat) anlamlı değişim (delta) klinik karar için referans tek değerden daha güvenilirdir.""}",,,American Heart Association (AHA) / European Society of Cardiology Guidelines,2026-06-30
BNP,Kalp,pg/mL,0.0,100.0,0.0,100.0,0.0,100.0,0.0,150.0,0.0,150.0,0.0,100.0,false,,,,,,,,,false,,,,,,,,,American Heart Association (AHA) / European Society of Cardiology Guidelines,2026-06-30
NT-proBNP,Kalp,pg/mL,0.0,125.0,0.0,125.0,0.0,125.0,0.0,450.0,0.0,450.0,0.0,125.0,false,,,,,,,,,false,,,,,,,,,American Heart Association (AHA) / European Society of Cardiology Guidelines,2026-06-30
CK-MB,Kalp,ng/mL,0.0,5.0,0.0,5.0,0.0,5.0,0.0,5.0,0.0,5.0,0.0,5.0,false,,,,,,,,,false,,,,,,,,,American Heart Association (AHA) / European Society of Cardiology Guidelines,2026-06-30
PSA (Total),Tümör Belirteci,ng/mL,0.0,4.0,,,,,0.0,6.5,,,,,false,,,,,,,,,false,,"Prostat dokusundan salgılanır, sadece prostat kanserine özgü değildir. Prostat büyümesi (BPH), prostatit (iltihap), yakın zamanda yapılan müdahaleler (sondalama, biyopsi) veya cinsel ilişki de değeri geçici yükseltebilir. 4-10 ng/mL arası 'gri bölge' olarak adlandırılır ve free PSA oranı ile birlikte değerlendirilir. Yüksek PSA tek başına kanser tanısı koymaz, ileri tetkik (görüntüleme, biyopsi) gerektirir; düşük PSA da kanseri tamamen dışlamaz.",,,,,,"{""adult_female"": ""not_applicable"", ""child"": ""not_applicable"", ""elderly_female"": ""not_applicable"", ""pregnant"": ""not_applicable""}",National Comprehensive Cancer Network (NCCN) Guidelines / Mayo Clinic Laboratories,2026-06-30
CA-125,Tümör Belirteci,U/mL,0.0,35.0,0.0,35.0,0.0,35.0,0.0,35.0,0.0,35.0,0.0,100.0,false,,,,,,,,,false,,"Over kanseri taramasında kullanılır ama özgüllüğü düşüktür; adet döngüsü, endometriozis, miyom, gebelik, pelvik iltihap gibi iyi huylu durumlarda da yükselebilir. Tek başına tarama testi olarak önerilmez, yüksek riskli bireylerde görüntüleme ile birlikte değerlendirilir.",,,,,,,National Comprehensive Cancer Network (NCCN) Guidelines / Mayo Clinic Laboratories,2026-06-30
CEA,Tümör Belirteci,ng/mL,0.0,3.0,0.0,3.0,0.0,3.0,0.0,5.0,0.0,5.0,0.0,3.0,false,,,,,,,,,false,,"Kolon, akciğer, meme gibi birçok kanser türünde yükselebilir ama özgül değildir; sigara kullanımı, iltihabi bağırsak hastalığı gibi iyi huylu durumlarda da hafif yükselebilir. Tanı koymaktan çok, bilinen kanserlerin tedavi yanıtını ve nüksünü izlemede kullanılır.",,,,,,,National Comprehensive Cancer Network (NCCN) Guidelines / Mayo Clinic Laboratories,2026-06-30
AFP,Tümör Belirteci,ng/mL,0.0,10.0,0.0,10.0,0.0,10.0,0.0,10.0,0.0,10.0,10.0,400.0,false,,,,,,,,,false,,"Karaciğer kanseri ve testis tümörleri taramasında kullanılır. Gebelikte fizyolojik olarak çok yükselir (bu normaldir, kanser göstergesi değildir). Kronik karaciğer hastalığı (siroz, hepatit) olanlarda da kanser olmadan hafif-orta yükseklik görülebilir.",,,,,,,National Comprehensive Cancer Network (NCCN) Guidelines / Mayo Clinic Laboratories,2026-06-30
CA19-9,Tümör Belirteci,U/mL,0.0,37.0,0.0,37.0,0.0,37.0,0.0,37.0,0.0,37.0,0.0,37.0,false,,,,,,,,,false,,"Pankreas ve safra yolu kanserlerinde kullanılır ama safra yolu tıkanıklığı, pankreatit gibi iyi huylu durumlarda da belirgin yükselebilir. Lewis antijen negatif kişilerde (toplumun yaklaşık %5-10'u) kanser olsa bile bu test hiç yükselmeyebilir, bu önemli bir sınırlamadır.",,,,,,,National Comprehensive Cancer Network (NCCN) Guidelines / Mayo Clinic Laboratories,2026-06-30
CA15-3,Tümör Belirteci,U/mL,,,0.0,30.0,,,,,0.0,30.0,0.0,35.0,false,,,,,,,,,false,,,,,,,,"{""adult_male"": ""data_missing"", ""child"": ""data_missing"", ""elderly_male"": ""data_missing""}",National Comprehensive Cancer Network (NCCN) Guidelines / Mayo Clinic Laboratories,2026-06-30
CA72-4,Tümör Belirteci,U/mL,0.0,6.9,0.0,6.9,,,0.0,6.9,0.0,6.9,,,false,,,,,,,,,false,,,,,,,,"{""child"": ""data_missing"", ""pregnant"": ""data_missing""}",National Comprehensive Cancer Network (NCCN) Guidelines / Mayo Clinic Laboratories,2026-06-30
NSE (Nöron Spesifik Enolaz),Tümör Belirteci,ng/mL,0.0,16.3,0.0,16.3,0.0,16.3,0.0,16.3,0.0,16.3,,,false,,,,,,,,,false,,,,,,,,"{""pregnant"": ""data_missing""}",National Comprehensive Cancer Network (NCCN) Guidelines / Mayo Clinic Laboratories,2026-06-30
Beta-2 Mikroglobulin,Tümör Belirteci,mg/L,0.8,2.2,0.8,2.2,0.7,2.0,1.0,3.0,1.0,3.0,0.8,2.5,false,,,,,,,,,false,,,,,,,,,National Comprehensive Cancer Network (NCCN) Guidelines / Mayo Clinic Laboratories,2026-06-30
Kalsitonin,Tümör Belirteci,pg/mL,0.0,11.5,0.0,4.6,0.0,10.0,0.0,11.5,0.0,4.6,,,false,,,,,,,,,false,,,,,,,,"{""pregnant"": ""data_missing""}",National Comprehensive Cancer Network (NCCN) Guidelines / Mayo Clinic Laboratories,2026-06-30
HE4,Tümör Belirteci,pmol/L,,,0.0,70.0,,,,,0.0,140.0,,,false,,,,,,,,,false,,,,,,,,"{""adult_male"": ""data_missing"", ""child"": ""data_missing"", ""elderly_male"": ""data_missing"", ""pregnant"": ""data_missing""}",National Comprehensive Cancer Network (NCCN) Guidelines / Mayo Clinic Laboratories,2026-06-30
Cyfra 21-1,Tümör Belirteci,ng/mL,0.0,3.3,0.0,3.3,,,0.0,3.3,0.0,3.3,,,false,,,,,,,,,false,,,,,,,,"{""child"": ""data_missing"", ""pregnant"": ""data_missing""}",National Comprehensive Cancer Network (NCCN) Guidelines / Mayo Clinic Laboratories,2026-06-30
S100,Tümör Belirteci,µg/L,0.0,0.105,0.0,0.105,,,0.0,0.105,0.0,0.105,,,false,,,,,,,,,false,,,,,,,,"{""child"": ""data_missing"", ""pregnant"": ""data_missing""}",National Comprehensive Cancer Network (NCCN) Guidelines / Mayo Clinic Laboratories,2026-06-30
Chromogranin A,Tümör Belirteci,ng/mL,0.0,95.0,0.0,95.0,,,0.0,95.0,0.0,95.0,,,false,,,,,,,,,false,,,,,,,,"{""child"": ""data_missing"", ""pregnant"": ""data_missing""}",National Comprehensive Cancer Network (NCCN) Guidelines / Mayo Clinic Laboratories,2026-06-30
SCC Antijen,Tümör Belirteci,ng/mL,0.0,1.5,0.0,1.5,,,0.0,1.5,0.0,1.5,,,false,,,,,,,,,false,,,,,,,,"{""child"": ""data_missing"", ""pregnant"": ""data_missing""}",National Comprehensive Cancer Network (NCCN) Guidelines / Mayo Clinic Laboratories,2026-06-30
Free PSA,Tümör Belirteci,ng/mL,0.0,0.93,,,,,0.0,1.5,,,,,false,,,,,,,,,false,,,,,"{""oran_formulu"": ""Free PSA / Total PSA x 100"", ""dusuk_oran_0_10"": ""Free/Total PSA oranı %10'un altında: prostat kanseri riski daha yüksek kabul edilir, biyopsi eşiği düşer"", ""orta_oran_10_25"": ""Free/Total PSA oranı %10-25 arası: gri bölge, klinik bulgular ve diğer faktörlerle birlikte değerlendirilmeli"", ""yuksek_oran_25_uzeri"": ""Free/Total PSA oranı %25 üzerinde: iyi huylu prostat büyümesi (BPH) ile daha uyumlu, kanser olasılığı göreceli daha düşük"", ""not"": ""Free PSA tek başına değil, Total PSA ile oranlanarak yorumlanmalıdır. Total PSA'nın 4-10 ng/mL gri bölgesinde bu oran ayırt edici olabilir.""}",,,"{""adult_female"": ""not_applicable"", ""child"": ""not_applicable"", ""elderly_female"": ""not_applicable"", ""pregnant"": ""not_applicable""}",National Comprehensive Cancer Network (NCCN) Guidelines / Mayo Clinic Laboratories,2026-06-30
Inhibin B,Tümör Belirteci,pg/mL,80.0,270.0,0.0,300.0,,,50.0,200.0,0.0,10.0,,,false,,,,,,,,,false,,,,,,,,"{""child"": ""data_missing"", ""pregnant"": ""data_missing""}",National Comprehensive Cancer Network (NCCN) Guidelines / Mayo Clinic Laboratories,2026-06-30
TPA (Doku Polipeptid Antijeni),Tümör Belirteci,U/L,0.0,75.0,0.0,75.0,,,0.0,75.0,0.0,75.0,,,false,,,,,,,,,false,,,,,,,,"{""child"": ""data_missing"", ""pregnant"": ""data_missing""}",National Comprehensive Cancer Network (NCCN) Guidelines / Mayo Clinic Laboratories,2026-06-30
İdrar pH,İdrar,pH,4.5,8.0,4.5,8.0,4.5,8.0,4.5,8.0,4.5,8.0,4.5,8.0,false,,,,,,,,,false,,,,,,,,,WHO Urinalysis Reference / Mayo Clinic Laboratories,2026-06-30
İdrar Dansite,İdrar,g/mL,1.005,1.03,1.005,1.03,1.005,1.03,1.005,1.025,1.005,1.025,1.005,1.03,false,,,,,,,,,false,,,,,,,,,WHO Urinalysis Reference / Mayo Clinic Laboratories,2026-06-30
İdrar Protein,İdrar,mg/dL,0.0,15.0,0.0,15.0,0.0,15.0,0.0,20.0,0.0,20.0,0.0,30.0,false,,,,,,,,,false,,,,,,,,,WHO Urinalysis Reference / Mayo Clinic Laboratories,2026-06-30
Mikroalbümin,İdrar,mg/L,0.0,20.0,0.0,20.0,0.0,20.0,0.0,30.0,0.0,30.0,0.0,30.0,false,,,,,,,,,false,,,,,,,,,WHO Urinalysis Reference / Mayo Clinic Laboratories,2026-06-30
İdrar Glukoz,İdrar,mg/dL,0.0,15.0,0.0,15.0,0.0,15.0,0.0,15.0,0.0,15.0,0.0,15.0,false,,,,,,,,,false,,,,,,,,,WHO Urinalysis Reference / Mayo Clinic Laboratories,2026-06-30
İdrar Keton,İdrar,mg/dL,0.0,5.0,0.0,5.0,0.0,5.0,0.0,5.0,0.0,5.0,0.0,5.0,false,,,,,,,,,false,,,,,,,,,WHO Urinalysis Reference / Mayo Clinic Laboratories,2026-06-30
İdrar Lökosit Esteraz,İdrar,/HPF,0.0,5.0,0.0,5.0,0.0,5.0,0.0,5.0,0.0,5.0,0.0,5.0,false,,,,,,,,,false,,,,,,,,,WHO Urinalysis Reference / Mayo Clinic Laboratories,2026-06-30
İdrar Eritrosit,İdrar,/HPF,0.0,3.0,0.0,3.0,0.0,3.0,0.0,5.0,0.0,5.0,0.0,5.0,false,,,,,,,,,false,,,,,,,,,WHO Urinalysis Reference / Mayo Clinic Laboratories,2026-06-30
İdrar Nitrit,İdrar,negatif/pozitif,,,,,,,,,,,,,true,İdrar yolu enfeksiyonu (bakteriyel) düşündürmez,Nitrit üreten bakteriler (genellikle E.coli gibi gram-negatif bakteriler) ile idrar yolu enfeksiyonuna işaret eder,,,,,,,false,,,,,,,,,WHO Urinalysis Reference / Mayo Clinic Laboratories,2026-06-30
İdrar Ürobilinojen,İdrar,mg/dL,0.1,1.0,0.1,1.0,0.1,1.0,0.1,1.0,0.1,1.0,0.1,1.0,false,,,,,,,,,false,,,,,,,,,WHO Urinalysis Reference / Mayo Clinic Laboratories,2026-06-30
İdrar Bilirubin,İdrar,negatif/pozitif,,,,,,,,,,,,,true,Karaciğer/safra yolu kaynaklı bir sorun düşündürmez,"Kanda direkt bilirubin artışına işaret eder; karaciğer hastalığı, safra yolu tıkanıklığı gibi durumlarda görülebilir",,,,,,,false,,,,,,,,,WHO Urinalysis Reference / Mayo Clinic Laboratories,2026-06-30
İdrar Kreatinin,İdrar,mg/dL,20.0,320.0,20.0,275.0,10.0,200.0,20.0,300.0,20.0,260.0,15.0,250.0,false,,,,,,,,,false,,,,,,,,,WHO Urinalysis Reference / Mayo Clinic Laboratories,2026-06-30
24 Saatlik İdrar Protein,İdrar,mg/24sa,0.0,150.0,0.0,150.0,0.0,150.0,0.0,200.0,0.0,200.0,0.0,300.0,false,,,,,,,,,false,,,,,,,,,WHO Urinalysis Reference / Mayo Clinic Laboratories,2026-06-30
GFR (Glomerüler Filtrasyon Hızı),Böbrek,mL/dk/1.73m2,90.0,,90.0,,90.0,,60.0,,60.0,,90.0,,false,,,,,,,,,true,,,,,,,,,KDIGO (Kidney Disease Improving Global Outcomes) Guidelines,2026-06-30
Sistatin C,Böbrek,mg/L,0.6,1.0,0.6,1.0,0.6,1.1,0.7,1.3,0.7,1.3,0.5,0.9,false,,,,,,,,,false,,,,,,,,,KDIGO (Kidney Disease Improving Global Outcomes) Guidelines,2026-06-30
Anti-dsDNA,Otoimmün,IU/mL,0.0,30.0,0.0,30.0,0.0,30.0,0.0,30.0,0.0,30.0,0.0,30.0,false,,,,,,,,,false,,,,,,,,,American College of Rheumatology Guidelines / Mayo Clinic Laboratories,2026-06-30
ANCA (c-ANCA),Otoimmün,titre,0.0,1.0,0.0,1.0,0.0,1.0,0.0,1.0,0.0,1.0,0.0,1.0,false,,,,,,,,,false,,,,,,,,,American College of Rheumatology Guidelines / Mayo Clinic Laboratories,2026-06-30
Anti-Mitokondriyal Antikor (AMA),Otoimmün,titre,0.0,1.0,0.0,1.0,0.0,1.0,0.0,1.0,0.0,1.0,0.0,1.0,false,,,,,,,,,false,,,,,,,,,American College of Rheumatology Guidelines / Mayo Clinic Laboratories,2026-06-30
Anti-Gliadin IgA,Otoimmün,U/mL,0.0,20.0,0.0,20.0,0.0,20.0,0.0,20.0,0.0,20.0,0.0,20.0,false,,,,,,,,,false,,,,,,,,,American College of Rheumatology Guidelines / Mayo Clinic Laboratories,2026-06-30
Anti-TTG IgA (Çölyak),Otoimmün,U/mL,0.0,10.0,0.0,10.0,0.0,10.0,0.0,10.0,0.0,10.0,0.0,10.0,false,,,,,,,,,false,,,,,,,,,American College of Rheumatology Guidelines / Mayo Clinic Laboratories,2026-06-30
Spesifik IgE (İnhalan Panel),Alerji,kU/L,0.0,0.35,0.0,0.35,0.0,0.35,0.0,0.35,0.0,0.35,0.0,0.35,false,,,,,,,,,false,,,,,,,,,European Academy of Allergy and Clinical Immunology (EAACI),2026-06-30
Triptaz,Alerji,ng/mL,0.0,11.4,0.0,11.4,0.0,11.4,0.0,11.4,0.0,11.4,0.0,11.4,false,,,,,,,,,false,,,,,,,,,European Academy of Allergy and Clinical Immunology (EAACI),2026-06-30
Prokalsitonin (Sepsis),Enfeksiyon,ng/mL,0.0,0.1,0.0,0.1,0.0,0.1,0.0,0.15,0.0,0.15,0.0,0.1,false,,,,,,,,,false,,,,,,,,,CDC / WHO Infectious Disease Guidelines / Mayo Clinic Laboratories,2026-06-30
Anti-HIV,Enfeksiyon,negatif/pozitif,,,,,,,,,,,,,true,"HIV virüsüne karşı antikor saptanmadı (pencere döneminde olabileceği unutulmamalı, şüphe varsa tekrar test önerilir)",HIV virüsüne karşı antikor saptandı; doğrulama testi (Western Blot veya HIV RNA) ile teyit edilmesi gerekir,,,,,,,false,,,,,,,,,CDC / WHO Infectious Disease Guidelines / Mayo Clinic Laboratories,2026-06-30
VDRL/RPR (Sifiliz),Enfeksiyon,negatif/pozitif,,,,,,,,,,,,,true,Sifiliz enfeksiyonu bulgusu yok (çok erken dönemde yanlış negatif olabilir),"Sifiliz enfeksiyonu şüphesi; doğrulama testi (TPHA/FTA-ABS) ile kesinleştirilmelidir, bazı otoimmün hastalıklarda da yanlış pozitif çıkabilir",,,,,,,false,,,,,,,,,CDC / WHO Infectious Disease Guidelines / Mayo Clinic Laboratories,2026-06-30
Toxoplazma IgG,Enfeksiyon,IU/mL,0.0,1.6,0.0,1.6,0.0,1.6,0.0,1.6,0.0,1.6,0.0,1.6,false,,,,,,,,,false,,,,,,,,,CDC / WHO Infectious Disease Guidelines / Mayo Clinic Laboratories,2026-06-30
Rubella IgG,Enfeksiyon,IU/mL,10.0,,10.0,,10.0,,10.0,,10.0,,10.0,,false,,,,,,,,,true,,,,,,,,,CDC / WHO Infectious Disease Guidelines / Mayo Clinic Laboratories,2026-06-30
CMV IgG,Enfeksiyon,AU/mL,0.0,6.0,0.0,6.0,0.0,6.0,0.0,6.0,0.0,6.0,0.0,6.0,false,,,,,,,,,false,,,,,,,,,CDC / WHO Infectious Disease Guidelines / Mayo Clinic Laboratories,2026-06-30
H. Pylori Antikor,Enfeksiyon,negatif/pozitif,,,,,,,,,,,,,true,Helicobacter Pylori bakterisine maruziyet/enfeksiyon bulgusu yok,"Helicobacter Pylori bakterisiyle karşılaşılmış; mide ülseri ve gastrit ile ilişkili olabilir, aktif enfeksiyon için dışkı antijeni veya solunum testi daha güvenilirdir",,,,,,,false,,,,,,,,,CDC / WHO Infectious Disease Guidelines / Mayo Clinic Laboratories,2026-06-30
EBV VCA IgG,Enfeksiyon,U/mL,0.0,20.0,0.0,20.0,0.0,20.0,0.0,20.0,0.0,20.0,0.0,20.0,false,,,,,,,,,false,,,,,,,,,CDC / WHO Infectious Disease Guidelines / Mayo Clinic Laboratories,2026-06-30
pH (Kan Gazı),Kan Gazı,pH,7.35,7.45,7.35,7.45,7.35,7.45,7.35,7.45,7.35,7.45,7.35,7.45,false,,,,,,,,,false,,,,,,,,,American Thoracic Society / Mayo Clinic Laboratories,2026-06-30
pCO2,Kan Gazı,mmHg,35.0,45.0,35.0,45.0,35.0,45.0,35.0,45.0,35.0,45.0,28.0,35.0,false,,,,,,,,,false,,,,,,,,,American Thoracic Society / Mayo Clinic Laboratories,2026-06-30
pO2,Kan Gazı,mmHg,80.0,100.0,80.0,100.0,80.0,100.0,75.0,100.0,75.0,100.0,90.0,105.0,false,,,,,,,,,false,,,,,,,,,American Thoracic Society / Mayo Clinic Laboratories,2026-06-30
HCO3 (Bikarbonat),Kan Gazı,mEq/L,22.0,26.0,22.0,26.0,22.0,26.0,22.0,26.0,22.0,26.0,18.0,22.0,false,,,,,,,,,false,,,,,,,,,American Thoracic Society / Mayo Clinic Laboratories,2026-06-30
Laktat,Metabolik,mmol/L,0.5,2.2,0.5,2.2,0.5,2.0,0.5,2.2,0.5,2.2,0.5,2.0,false,,,,,,,,,false,,,,,,,,,Mayo Clinic Laboratories / NHANES (CDC),2026-06-30
Amonyak,Metabolik,µmol/L,15.0,45.0,15.0,45.0,20.0,50.0,15.0,50.0,15.0,50.0,15.0,45.0,false,,,,,,,,,false,,,,,,,,,Mayo Clinic Laboratories / NHANES (CDC),2026-06-30
Osmolalite,Metabolik,mOsm/kg,275.0,295.0,275.0,295.0,275.0,295.0,275.0,300.0,275.0,300.0,275.0,290.0,false,,,,,,,,,false,,,,,,,,,Mayo Clinic Laboratories / NHANES (CDC),2026-06-30
Pre-Albumin,Beslenme,mg/dL,18.0,45.0,18.0,45.0,10.0,30.0,15.0,40.0,15.0,40.0,15.0,35.0,false,,,,,,,,,false,,,,,,,,,NIH Office of Dietary Supplements,2026-06-30
Retinol Bağlayıcı Protein,Beslenme,mg/dL,3.0,6.0,3.0,6.0,1.5,4.0,3.0,6.0,3.0,6.0,2.5,5.5,false,,,,,,,,,false,,,,,,,,,NIH Office of Dietary Supplements,2026-06-30
Seruloplazmin,Mineral,mg/dL,20.0,60.0,20.0,60.0,15.0,50.0,20.0,60.0,20.0,60.0,30.0,80.0,false,,,,,,,,,false,,,,,,,,,WHO Trace Elements Reference / Mayo Clinic Laboratories,2026-06-30
Haptoglobin,Biyokimya,mg/dL,30.0,200.0,30.0,200.0,25.0,185.0,30.0,220.0,30.0,220.0,30.0,250.0,false,,,,,,,,,false,,,,,,,,,NHANES (CDC) / Mayo Clinic Laboratories / Türk Klinik Biyokimya Derneği,2026-06-30
Alfa-1 Antitripsin,Biyokimya,mg/dL,90.0,200.0,90.0,200.0,90.0,200.0,90.0,200.0,90.0,200.0,100.0,250.0,false,,,,,,,,,false,,,,,,,,,NHANES (CDC) / Mayo Clinic Laboratories / Türk Klinik Biyokimya Derneği,2026-06-30
Gastrin,Hormon,pg/mL,0.0,100.0,0.0,100.0,0.0,100.0,0.0,110.0,0.0,110.0,0.0,100.0,false,,,,,,,,,false,,,,,,,,,Endocrine Society Clinical Guidelines / Mayo Clinic Laboratories,2026-06-30
Aldosteron,Hormon,ng/dL,1.0,16.0,1.0,16.0,2.0,20.0,1.0,16.0,1.0,16.0,5.0,50.0,false,,,,,,,,,false,,,,,,,,,Endocrine Society Clinical Guidelines / Mayo Clinic Laboratories,2026-06-30
Renin,Hormon,ng/mL/saat,0.2,1.6,0.2,1.6,0.5,3.0,0.2,1.6,0.2,1.6,1.0,10.0,false,,,,,,,,,false,,,,,,,,,Endocrine Society Clinical Guidelines / Mayo Clinic Laboratories,2026-06-30
Adrenokortikotropik Hormon (ACTH),Hormon,pg/mL,10.0,60.0,10.0,60.0,10.0,60.0,10.0,60.0,10.0,60.0,10.0,60.0,false,,,,,,,,,false,,,,,,,,,Endocrine Society Clinical Guidelines / Mayo Clinic Laboratories,2026-06-30
Anti-Müllerian Hormon (AMH),Hormon,ng/mL,,,1.0,4.0,,,,,0.0,0.5,1.0,4.0,false,,,,,,,,,false,,,,"{""25_yas_alti"": [3.0, 8.0], ""25_30_yas"": [2.5, 6.0], ""31_35_yas"": [1.5, 5.0], ""36_40_yas"": [1.0, 3.5], ""41_45_yas"": [0.5, 2.0], ""46_yas_uzeri"": [0.0, 1.0], ""not"": ""AMH over rezervini gösterir ve yaşla birlikte düzenli azalır. Tek bir 'normal aralık' yerine yaşa göre değerlendirme çok daha anlamlıdır.""}",,,,"{""child"": ""not_applicable"", ""adult_male"": ""data_missing"", ""elderly_male"": ""data_missing""}",Endocrine Society Clinical Guidelines / Mayo Clinic Laboratories,2026-06-30
17-OH Progesteron,Hormon,ng/mL,0.3,2.0,0.2,1.3,0.1,0.9,0.3,2.0,0.2,1.3,2.0,12.0,false,,,,,,,,,false,,,,,,,,,Endocrine Society Clinical Guidelines / Mayo Clinic Laboratories,2026-06-30
Androstenedion,Hormon,ng/mL,0.3,3.3,0.3,3.3,0.1,0.5,0.2,2.5,0.2,2.0,1.0,5.0,false,,,,,,,,,false,,,,,,,,,Endocrine Society Clinical Guidelines / Mayo Clinic Laboratories,2026-06-30
SHBG (Seks Hormonu Bağlayıcı Globulin),Hormon,nmol/L,10.0,57.0,18.0,144.0,20.0,100.0,15.0,70.0,20.0,150.0,100.0,400.0,false,,,,,,,,,false,,,,,,,,,Endocrine Society Clinical Guidelines / Mayo Clinic Laboratories,2026-06-30
Pregnenolon,Hormon,ng/dL,10.0,200.0,10.0,230.0,10.0,100.0,10.0,180.0,10.0,200.0,100.0,500.0,false,,,,,,,,,false,,,,,,,,,Endocrine Society Clinical Guidelines / Mayo Clinic Laboratories,2026-06-30
Vazopresin (ADH),Hormon,pg/mL,0.0,4.7,0.0,4.7,0.0,4.7,0.0,4.7,0.0,4.7,0.0,4.7,false,,,,,,,,,false,,,,,,,,,Endocrine Society Clinical Guidelines / Mayo Clinic Laboratories,2026-06-30
Pankreatik Polipeptid,Hormon,pg/mL,0.0,300.0,0.0,300.0,0.0,300.0,0.0,300.0,0.0,300.0,0.0,300.0,false,,,,,,,,,false,,,,,,,,,Endocrine Society Clinical Guidelines / Mayo Clinic Laboratories,2026-06-30
Glukagon,Hormon,pg/mL,20.0,100.0,20.0,100.0,20.0,100.0,20.0,120.0,20.0,120.0,20.0,100.0,false,,,,,,,,,false,,,,,,,,,Endocrine Society Clinical Guidelines / Mayo Clinic Laboratories,2026-06-30
Somatostatin,Hormon,pg/mL,10.0,25.0,10.0,25.0,10.0,25.0,10.0,25.0,10.0,25.0,10.0,25.0,false,,,,,,,,,false,,,,,,,,,Endocrine Society Clinical Guidelines / Mayo Clinic Laboratories,2026-06-30
Eritropoietin (EPO),Hormon,mIU/mL,4.3,29.0,4.3,29.0,2.6,18.5,4.3,35.0,4.3,35.0,10.0,50.0,false,,,,,,,,,false,,,,,,,,,Endocrine Society Clinical Guidelines / Mayo Clinic Laboratories,2026-06-30
Leptin,Hormon,ng/mL,1.0,15.0,3.0,30.0,1.0,10.0,1.0,18.0,3.0,35.0,10.0,50.0,false,,,,,,,,,false,,,,,,,,,Endocrine Society Clinical Guidelines / Mayo Clinic Laboratories,2026-06-30
Adiponektin,Hormon,µg/mL,3.0,30.0,5.0,40.0,3.0,35.0,3.0,30.0,5.0,40.0,3.0,30.0,false,,,,,,,,,false,,,,,,,,,Endocrine Society Clinical Guidelines / Mayo Clinic Laboratories,2026-06-30
Visfatin,Hormon,ng/mL,2.0,40.0,2.0,40.0,2.0,35.0,2.0,45.0,2.0,45.0,2.0,50.0,false,,,,,,,,,false,,,,,,,,,Endocrine Society Clinical Guidelines / Mayo Clinic Laboratories,2026-06-30
Resistin,Hormon,ng/mL,4.0,20.0,4.0,20.0,3.0,18.0,4.0,22.0,4.0,22.0,4.0,25.0,false,,,,,,,,,false,,,,,,,,,Endocrine Society Clinical Guidelines / Mayo Clinic Laboratories,2026-06-30
C-Peptid,Hormon,ng/mL,0.8,3.85,0.8,3.85,0.5,3.0,0.8,4.0,0.8,4.0,1.0,4.5,false,,,,,,,,,false,,,,,,,,,Endocrine Society Clinical Guidelines / Mayo Clinic Laboratories,2026-06-30
Vitamin B2 (Riboflavin),Vitamin,µg/L,4.0,24.0,4.0,24.0,4.0,24.0,4.0,24.0,4.0,24.0,4.0,24.0,false,,,,,,,,,false,,,,,,,,,NIH Office of Dietary Supplements / Mayo Clinic Laboratories,2026-06-30
Vitamin B3 (Niasin),Vitamin,mg/L,0.5,8.0,0.5,8.0,0.5,8.0,0.5,8.0,0.5,8.0,0.5,8.0,false,,,,,,,,,false,,,,,,,,,NIH Office of Dietary Supplements / Mayo Clinic Laboratories,2026-06-30
Vitamin K,Vitamin,ng/mL,0.2,3.2,0.2,3.2,0.2,3.0,0.2,3.5,0.2,3.5,0.2,3.5,false,,,,,,,,,false,,,,,,,,,NIH Office of Dietary Supplements / Mayo Clinic Laboratories,2026-06-30
Biotin (B7),Vitamin,ng/mL,0.2,1.8,0.2,1.8,0.2,1.8,0.2,1.8,0.2,1.8,0.2,1.8,false,,,,,,,,,false,,,,,,,,,NIH Office of Dietary Supplements / Mayo Clinic Laboratories,2026-06-30
Karnitin (Total),Metabolik,µmol/L,25.0,54.0,25.0,54.0,20.0,50.0,25.0,54.0,25.0,54.0,20.0,50.0,false,,,,,,,,,false,,,,,,,,,Mayo Clinic Laboratories / NHANES (CDC),2026-06-30
Manganez,Mineral,µg/L,0.4,1.4,0.4,1.4,0.3,1.2,0.4,1.4,0.4,1.4,0.4,1.4,false,,,,,,,,,false,,,,,,,,,WHO Trace Elements Reference / Mayo Clinic Laboratories,2026-06-30
Krom,Mineral,µg/L,0.1,2.1,0.1,2.1,0.1,2.0,0.1,2.1,0.1,2.1,0.1,2.0,false,,,,,,,,,false,,,,,,,,,WHO Trace Elements Reference / Mayo Clinic Laboratories,2026-06-30
Kurşun (Kan),Toksikoloji,µg/dL,0.0,10.0,0.0,10.0,0.0,3.5,0.0,10.0,0.0,10.0,0.0,5.0,false,,,,,,,,,false,,,,,,,,,CDC National Biomonitoring Program,2026-06-30
Civa (Kan),Toksikoloji,µg/L,0.0,10.0,0.0,10.0,0.0,5.0,0.0,10.0,0.0,10.0,0.0,5.0,false,,,,,,,,,false,,,,,,,,,CDC National Biomonitoring Program,2026-06-30
Arsenik (Kan),Toksikoloji,µg/L,0.0,35.0,0.0,35.0,0.0,20.0,0.0,35.0,0.0,35.0,0.0,20.0,false,,,,,,,,,false,,,,,,,,,CDC National Biomonitoring Program,2026-06-30
Folat (RBC),Vitamin,ng/mL,280.0,903.0,280.0,903.0,280.0,900.0,280.0,903.0,280.0,903.0,300.0,1000.0,false,,,,,,,,,false,,,,,,,,,NIH Office of Dietary Supplements / Mayo Clinic Laboratories,2026-06-30
Metilmalonik Asit,Metabolik,µmol/L,0.0,0.4,0.0,0.4,0.0,0.4,0.0,0.5,0.0,0.5,0.0,0.4,false,,,,,,,,,false,,,,,,,,,Mayo Clinic Laboratories / NHANES (CDC),2026-06-30
Amiloid Beta 42,Nörolojik,pg/mL,500.0,1500.0,500.0,1500.0,,,300.0,1200.0,300.0,1200.0,,,false,,,,,,,,,false,,,,,,,,"{""child"": ""data_missing"", ""pregnant"": ""data_missing""}",American Academy of Neurology Guidelines / Mayo Clinic Laboratories,2026-06-30
Tau Protein,Nörolojik,pg/mL,0.0,300.0,0.0,300.0,,,0.0,450.0,0.0,450.0,,,false,,,,,,,,,false,,,,,,,,"{""child"": ""data_missing"", ""pregnant"": ""data_missing""}",American Academy of Neurology Guidelines / Mayo Clinic Laboratories,2026-06-30
Asetilkolinesteraz,Nörolojik,U/L,5.0,14.0,5.0,14.0,5.0,14.0,5.0,14.0,5.0,14.0,5.0,14.0,false,,,,,,,,,false,,,,,,,,,American Academy of Neurology Guidelines / Mayo Clinic Laboratories,2026-06-30
Anti-Asetilkolin Reseptör Antikoru,Nörolojik,nmol/L,0.0,0.5,0.0,0.5,0.0,0.5,0.0,0.5,0.0,0.5,0.0,0.5,false,,,,,,,,,false,,,,,,,,,American Academy of Neurology Guidelines / Mayo Clinic Laboratories,2026-06-30
CD4 Sayısı,Enfeksiyon,hücre/µL,500.0,1500.0,500.0,1500.0,700.0,2000.0,400.0,1400.0,400.0,1400.0,500.0,1500.0,false,,,,,,,,,false,,,,,,,,,CDC / WHO Infectious Disease Guidelines / Mayo Clinic Laboratories,2026-06-30
Brucella Aglütinasyon (Rose Bengal),Enfeksiyon,negatif/pozitif,,,,,,,,,,,,,true,Bruselloz (Malta humması) enfeksiyonu bulgusu yok,"Bruselloz şüphesi; tüp aglütinasyon testi ile doğrulanmalı, çiğ süt/peynir tüketimi ve hayvancılıkla teması sorgulanmalıdır",,,,,,,false,,,,,,,,,CDC / WHO Infectious Disease Guidelines / Mayo Clinic Laboratories,2026-06-30
Salmonella Tüp Aglütinasyon (Widal),Enfeksiyon,titre,0.0,80.0,0.0,80.0,0.0,80.0,0.0,80.0,0.0,80.0,0.0,80.0,false,,,,,,,,,false,,,,,,,,,CDC / WHO Infectious Disease Guidelines / Mayo Clinic Laboratories,2026-06-30
ASO (Antistreptolizin O),Enfeksiyon,IU/mL,0.0,200.0,0.0,200.0,0.0,320.0,0.0,200.0,0.0,200.0,0.0,200.0,false,,,,,,,,,false,,,,,,,,,CDC / WHO Infectious Disease Guidelines / Mayo Clinic Laboratories,2026-06-30
Tüberküloz Kuantiferon (IGRA),Enfeksiyon,negatif/pozitif,,,,,,,,,,,,,true,Tüberküloz basili ile karşılaşma/enfeksiyon bulgusu yok,Tüberküloz basiliyle karşılaşılmış (aktif hastalık veya latent/gizli enfeksiyon olabilir); aktif hastalığı dışlamak için görüntüleme ve klinik değerlendirme gerekir,,,,,,,false,,,,,,,,,CDC / WHO Infectious Disease Guidelines / Mayo Clinic Laboratories,2026-06-30
Procalcitonin (Yoğun Bakım),Enfeksiyon,ng/mL,0.0,0.5,0.0,0.5,0.0,0.5,0.0,0.5,0.0,0.5,0.0,0.5,false,,,,,,,,,false,,,,,,,,,CDC / WHO Infectious Disease Guidelines / Mayo Clinic Laboratories,2026-06-30
Protein C,Koagülasyon,%,70.0,140.0,70.0,140.0,60.0,130.0,70.0,140.0,70.0,140.0,70.0,150.0,false,,,,,,,,,false,,,,,,,,,International Society on Thrombosis and Haemostasis (ISTH) / Mayo Clinic Laboratories,2026-06-30
Protein S,Koagülasyon,%,65.0,140.0,55.0,130.0,60.0,130.0,65.0,140.0,55.0,130.0,30.0,80.0,false,,,,,,,,,false,,,,,,,,,International Society on Thrombosis and Haemostasis (ISTH) / Mayo Clinic Laboratories,2026-06-30
Antitrombin III,Koagülasyon,%,80.0,130.0,80.0,130.0,75.0,125.0,80.0,130.0,80.0,130.0,70.0,120.0,false,,,,,,,,,false,,,,,,,,,International Society on Thrombosis and Haemostasis (ISTH) / Mayo Clinic Laboratories,2026-06-30
Faktör V Leiden,Koagülasyon,negatif/pozitif,,,,,,,,,,,,,true,"Faktör V Leiden gen mutasyonu saptanmadı, bu mutasyona bağlı pıhtılaşma riski artışı yok","Faktör V Leiden gen mutasyonu taşıyıcısı; venöz tromboz (pıhtı) riski artmıştır, özellikle gebelik, hareketsizlik, hormon tedavisi gibi ek risk faktörleriyle birlikte önem kazanır",,,,,,,false,,,,,,,,,International Society on Thrombosis and Haemostasis (ISTH) / Mayo Clinic Laboratories,2026-06-30
Faktör VIII,Koagülasyon,%,50.0,150.0,50.0,150.0,50.0,150.0,50.0,160.0,50.0,160.0,100.0,250.0,false,,,,,,,,,false,,,,,,,,,International Society on Thrombosis and Haemostasis (ISTH) / Mayo Clinic Laboratories,2026-06-30
Von Willebrand Faktör,Koagülasyon,%,50.0,200.0,50.0,200.0,50.0,200.0,50.0,210.0,50.0,210.0,100.0,300.0,false,,,,,,,,,false,,,,,,,,,International Society on Thrombosis and Haemostasis (ISTH) / Mayo Clinic Laboratories,2026-06-30
Kanama Zamanı,Koagülasyon,dakika,2.0,9.0,2.0,9.0,2.0,9.0,2.0,9.0,2.0,9.0,2.0,9.0,false,,,,,,,,,false,,,,,,,,,International Society on Thrombosis and Haemostasis (ISTH) / Mayo Clinic Laboratories,2026-06-30
TSH Neonatal Tarama,Pediatrik,mIU/L,,,,,0.5,10.0,,,,,,,false,,,,,,,,,false,,,,,,,,"{""adult_male"": ""not_applicable"", ""adult_female"": ""not_applicable"", ""elderly_male"": ""not_applicable"", ""elderly_female"": ""not_applicable"", ""pregnant"": ""not_applicable""}",American Academy of Pediatrics / Newborn Screening Guidelines,2026-06-30
Fenilalanin (PKU Taraması),Pediatrik,mg/dL,0.5,2.0,0.5,2.0,0.5,2.0,0.5,2.0,0.5,2.0,0.5,2.0,false,,,,,,,,,false,,,,,,,,,American Academy of Pediatrics / Newborn Screening Guidelines,2026-06-30
Galaktoz,Pediatrik,mg/dL,0.0,10.0,0.0,10.0,0.0,10.0,0.0,10.0,0.0,10.0,0.0,10.0,false,,,,,,,,,false,,,,,,,,,American Academy of Pediatrics / Newborn Screening Guidelines,2026-06-30
17-Hidroksiprogesteron (Neonatal),Pediatrik,ng/mL,,,,,0.0,10.0,,,,,,,false,,,,,,,,,false,,,,,,,,"{""adult_male"": ""not_applicable"", ""adult_female"": ""not_applicable"", ""elderly_male"": ""not_applicable"", ""elderly_female"": ""not_applicable"", ""pregnant"": ""not_applicable""}",American Academy of Pediatrics / Newborn Screening Guidelines,2026-06-30
Osteokalsin,Kemik,ng/mL,3.0,13.0,3.0,13.0,5.0,25.0,3.0,15.0,3.0,15.0,3.0,13.0,false,,,,,,,,,false,,,,,,,,,International Osteoporosis Foundation / Mayo Clinic Laboratories,2026-06-30
CTX (Kemik Yıkım Belirteci),Kemik,ng/mL,0.1,0.7,0.1,0.6,0.2,2.0,0.1,0.8,0.1,1.0,0.1,0.6,false,,,,,,,,,false,,,,,,,,,International Osteoporosis Foundation / Mayo Clinic Laboratories,2026-06-30
P1NP (Kemik Yapım Belirteci),Kemik,ng/mL,15.0,80.0,15.0,75.0,30.0,200.0,15.0,90.0,15.0,100.0,15.0,80.0,false,,,,,,,,,false,,,,,,,,,International Osteoporosis Foundation / Mayo Clinic Laboratories,2026-06-30
Alkalen Fosfataz Kemik İzoenzimi,Kemik,µg/L,4.0,24.0,4.0,22.0,10.0,100.0,4.0,26.0,4.0,28.0,4.0,30.0,false,,,,,,,,,false,,,,,,,,,International Osteoporosis Foundation / Mayo Clinic Laboratories,2026-06-30
İyonize Kalsiyum,Mineral,mmol/L,1.12,1.32,1.12,1.32,1.2,1.38,1.1,1.3,1.1,1.3,1.05,1.25,false,,,,,,,,,false,,,,,,,,,WHO Trace Elements Reference / Mayo Clinic Laboratories,2026-06-30
hs-CRP (Yüksek Duyarlılıklı CRP),Kardiyovasküler,mg/L,0.0,3.0,0.0,3.0,0.0,3.0,0.0,5.0,0.0,5.0,0.0,5.0,false,,,,,,,,,false,,,,,,,,,American Heart Association (AHA) Guidelines,2026-06-30
Apolipoprotein E Genotip,Kardiyovasküler,genotip,,,,,,,,,,,,,true,,,,,,,,,false,,"E2/E2, E2/E3, E3/E3, E3/E4, E4/E4 gibi genotip kombinasyonları halinde raporlanır. E4 alleli taşıyıcılığı Alzheimer hastalığı ve kardiyovasküler risk artışıyla ilişkilendirilir, ancak tek başına tanı koydurucu değildir, sadece risk göstergesidir.",,,,,,,American Heart Association (AHA) Guidelines,2026-06-30
Myoglobin,Kalp,ng/mL,28.0,72.0,25.0,58.0,20.0,60.0,28.0,90.0,25.0,75.0,25.0,60.0,false,,,,,,,,,false,,,,,,,,,American Heart Association (AHA) / European Society of Cardiology Guidelines,2026-06-30
Galektin-3,Kalp,ng/mL,0.0,17.8,0.0,17.8,,,0.0,20.0,0.0,20.0,,,false,,,,,,,,,false,,,,,,,,,American Heart Association (AHA) / European Society of Cardiology Guidelines,2026-06-30
Fruktozamin,Biyokimya,µmol/L,200.0,285.0,200.0,285.0,195.0,280.0,200.0,290.0,200.0,290.0,195.0,280.0,false,,,,,,,,,false,,,,,,,,,NHANES (CDC) / Mayo Clinic Laboratories / Türk Klinik Biyokimya Derneği,2026-06-30
Adenozin Deaminaz (ADA),Biyokimya,U/L,0.0,25.0,0.0,25.0,0.0,30.0,0.0,25.0,0.0,25.0,0.0,25.0,false,,,,,,,,,false,,,,,,,,,NHANES (CDC) / Mayo Clinic Laboratories / Türk Klinik Biyokimya Derneği,2026-06-30
Kolinesteraz,Biyokimya,U/L,5320.0,12920.0,4260.0,11250.0,4000.0,11000.0,5000.0,12500.0,4000.0,11000.0,3500.0,9500.0,false,,,,,,,,,false,,,,,,,,,NHANES (CDC) / Mayo Clinic Laboratories / Türk Klinik Biyokimya Derneği,2026-06-30
Anti-HAV IgM,Hepatit,negatif/pozitif,,,,,,,,,,,,,true,Aktif/yakın Hepatit A enfeksiyonu yok,Şu anda aktif veya çok yakın zamanda Hepatit A enfeksiyonu geçiriyor/geçirdi,,,,,,,false,,,,,,,,,CDC Viral Hepatitis Guidelines / Hepatitis B Foundation / WHO,2026-06-30
Anti-HAV Total (IgG),Hepatit,negatif/pozitif,,,,,,,,,,,,,true,"Hepatit A'ya karşı bağışıklık yok, aşı önerilir",Geçmişte enfeksiyon geçirilmiş veya aşı ile bağışıklık kazanılmış (korunuyor),,,,,,,false,,,,,,,,,CDC Viral Hepatitis Guidelines / Hepatitis B Foundation / WHO,2026-06-30
HBsAg,Hepatit,negatif/pozitif,,,,,,,,,,,,,true,Vücutta Hepatit B virüsü yok,Aktif Hepatit B enfeksiyonu (akut veya kronik) veya taşıyıcılık var,,,,,,,false,,,,,,,,,CDC Viral Hepatitis Guidelines / Hepatitis B Foundation / WHO,2026-06-30
Anti-HBs,Hepatit,mIU/mL,10.0,,10.0,,10.0,,10.0,,10.0,,10.0,,false,,,"Bağışıklık yetersiz, aşı/rapel önerilebilir (10 mIU/mL altı negatif kabul edilir)",Aşı veya geçirilmiş enfeksiyon sonrası bağışıklık kazanılmış (korunuyor),,,,,true,,,,,,,,,CDC Viral Hepatitis Guidelines / Hepatitis B Foundation / WHO,2026-06-30
Anti-HBc Total,Hepatit,negatif/pozitif,,,,,,,,,,,,,true,Hayatında hiç Hepatit B virüsüyle karşılaşmamış (aşı ile pozitifleşmez),Hayatının bir döneminde gerçek virüsle karşılaşmış (geçmiş veya devam eden enfeksiyon),,,,,,,false,,,,,,,,,CDC Viral Hepatitis Guidelines / Hepatitis B Foundation / WHO,2026-06-30
Anti-HBc IgM,Hepatit,negatif/pozitif,,,,,,,,,,,,,true,Akut/yeni Hepatit B enfeksiyonu yok,Akut (yeni başlamış) Hepatit B enfeksiyonuna işaret eder,,,,,,,false,,,,,,,,,CDC Viral Hepatitis Guidelines / Hepatitis B Foundation / WHO,2026-06-30
HBeAg,Hepatit,negatif/pozitif,,,,,,,,,,,,,true,Virüs aktif çoğalma döneminde değil (genelde),"Virüs aktif olarak çoğalıyor, bulaşıcılık yüksek",,,,,,,false,,,,,,,,,CDC Viral Hepatitis Guidelines / Hepatitis B Foundation / WHO,2026-06-30
Anti-HBe,Hepatit,negatif/pozitif,,,,,,,,,,,,,true,Virüs replikasyon durumu belirsiz,Virüs çoğalması genellikle azalmış durumda (bulaşıcılık nispeten düşük),,,,,,,false,,,,,,,,,CDC Viral Hepatitis Guidelines / Hepatitis B Foundation / WHO,2026-06-30
HBV DNA (Viral Yük),Hepatit,IU/mL,,,,,,,,,,,,,false,,,,,Virüs aktif çoğalıyor. IU/mL değeri ne kadar yüksekse viral aktivite o kadar fazladır. Tedavi kararı ve takibi bu değere göre yapılır.,"Tespit limitinin (genellikle <10 IU/mL) altında, virüs saptanamadı. Tedavi altındaysa baskılanmış enfeksiyon, tedavisizse düşük/yok replikasyon anlamına gelebilir.",,,false,10,,,,,,,,CDC Viral Hepatitis Guidelines / Hepatitis B Foundation / WHO,2026-06-30
Anti-HCV,Hepatit,negatif/pozitif,,,,,,,,,,,,,true,Hayatında Hepatit C virüsüyle karşılaşmamış,Hayatında en az bir kez Hepatit C virüsüne maruz kalmış (aktif enfeksiyon için doğrulama testi - HCV RNA - gerekir),,,,,,,false,,,,,,,,,CDC Viral Hepatitis Guidelines / Hepatitis B Foundation / WHO,2026-06-30
HCV RNA (PCR),Hepatit,IU/mL,,,,,,,,,,,,,false,,,,,"Virüs kanda canlı olarak çoğalıyor, aktif enfeksiyon kesinleşir. Detection limit (genellikle <15 IU/mL) üzerindeki her değer ""Detected"" kabul edilir; sayısal değer tedavi öncesi viral yükü ve tedavi yanıtını izlemede kullanılır.","Tespit limitinin (15 IU/mL) altında, virüs saptanamadı. Tedavi sonrası bu sonuç SVR (kalıcı viral yanıt/iyileşme) işareti olabilir; tedavi öncesiyse doğal klirens (kendiliğinden temizlenme) olasılığını düşündürür.",,,false,15,,,,,,,,CDC Viral Hepatitis Guidelines / Hepatitis B Foundation / WHO,2026-06-30
Anti-HDV,Hepatit,negatif/pozitif,,,,,,,,,,,,,true,Hepatit D virüsüne maruziyet yok,Hepatit D virüsüyle karşılaşma (genelde Hepatit B ile birlikte görülür),,,,,,,false,,,,,,,,,CDC Viral Hepatitis Guidelines / Hepatitis B Foundation / WHO,2026-06-30
Anti-HEV IgM,Hepatit,negatif/pozitif,,,,,,,,,,,,,true,Aktif Hepatit E enfeksiyonu yok,Yakın zamanda/aktif Hepatit E enfeksiyonu,,,,,,,false,,,,,,,,,CDC Viral Hepatitis Guidelines / Hepatitis B Foundation / WHO,2026-06-30
Beta-hCG,Hormon,mIU/mL,0.0,2.0,0.0,5.0,0.0,2.0,0.0,2.0,0.0,5.0,5.0,25.0,false,,,,,,,"{""3_hafta"": [5, 50], ""4_hafta"": [5, 426], ""5_hafta"": [18, 7340], ""6_hafta"": [1080, 56500], ""7_8_hafta"": [7650, 229000]}","{""negatif"": ""0-5 mIU/mL: Gebelik yok"", ""supheli"": ""5-25 mIU/mL: Sınırda, 48-72 saat sonra tekrar test önerilir"", ""pozitif"": ""25+ mIU/mL: Gebelik var""}",false,,,,,,,,,Endocrine Society Clinical Guidelines / Mayo Clinic Laboratories,2026-06-30
HIV RNA (Viral Yük),Enfeksiyon,kopya/mL,,,,,,,,,,,,,false,"Tespit limitinin altında, virüs saptanamadı",Virüs kanda aktif olarak çoğalıyor,,,HIV virüsü kanda aktif çoğalıyor. Değer tedavi etkinliğini ve hastalık progresyonunu takip etmede kullanılır.,Tespit limitinin (genellikle <20 kopya/mL) altında. Tedavi altındaki hastalarda viral baskılanmanın (tedavi başarısının) göstergesidir.,,,,20,,,,,,,,CDC / WHO Infectious Disease Guidelines / Mayo Clinic Laboratories,2026-06-30
